[
  {
    "source": "aÅ¡iihkionam-",
    "target": "aÅ¡iihkionam-",
    "source_language": "en",
    "target_language": "oj",
    "origin": "Myaamia/ilda-dictionary",
    "category": 10005495
  },
  {
    "source": "mihÅ¡aa-",
    "target": "mihÅ¡aa-",
    "source_language": "en",
    "target_language": "oj",
    "origin": "Myaamia/ilda-dictionary",
    "category": 10005495
  },
  {
    "source": "Å¡aaÅ¡ihkwee-",
    "target": "Å¡aaÅ¡ihkwee-",
    "source_language": "en",
    "target_language": "oj",
    "origin": "Myaamia/ilda-dictionary",
    "category": 10005495
  },
  {
    "source": "Å¡aaÅ¡ihkaapantani-",
    "target": "Å¡aaÅ¡ihkaapantani-",
    "source_language": "en",
    "target_language": "oj",
    "origin": "Myaamia/ilda-dictionary",
    "category": 10005495
  },
  {
    "source": "aÅ¡aahÅ¡ikop-",
    "target": "aÅ¡aahÅ¡ikop-",
    "source_language": "en",
    "target_language": "oj",
    "origin": "Myaamia/ilda-dictionary",
    "category": 10005495
  },
  {
    "source": "Å¡",
    "target": "Å¡",
    "source_language": "en",
    "target_language": "oj",
    "origin": "Myaamia/ilda-dictionary",
    "category": 10005495
  },
  {
    "source": "a",
    "target": "a",
    "source_language": "en",
    "target_language": "oj",
    "origin": "Myaamia/ilda-dictionary",
    "category": 10005495
  },
  {
    "source": "Å¡aahkweehsi-",
    "target": "Å¡aahkweehsi-",
    "source_language": "en",
    "target_language": "oj",
    "origin": "Myaamia/ilda-dictionary",
    "category": 10005495
  },
  {
    "source": "aaÅ¡awi-",
    "target": "aaÅ¡awi-",
    "source_language": "en",
    "target_language": "oj",
    "origin": "Myaamia/ilda-dictionary",
    "category": 10005495
  },
  {
    "source": "Å¡aahtee-",
    "target": "Å¡aahtee-",
    "source_language": "en",
    "target_language": "oj",
    "origin": "Myaamia/ilda-dictionary",
    "category": 10005495
  },
  {
    "source": "Å¡aahÅ¡aakweehsi-",
    "target": "Å¡aahÅ¡aakweehsi-",
    "source_language": "en",
    "target_language": "oj",
    "origin": "Myaamia/ilda-dictionary",
    "category": 10005495
  },
  {
    "source": "ileeÅ¡i",
    "target": "ileeÅ¡i",
    "source_language": "en",
    "target_language": "oj",
    "origin": "Myaamia/ilda-dictionary",
    "category": 10005495
  },
  {
    "source": "auto",
    "target": "auto",
    "source_language": "en",
    "target_language": "oj",
    "origin": "Myaamia/ilda-dictionary",
    "category": 10005495
  },
  {
    "source": "k",
    "target": "k",
    "source_language": "en",
    "target_language": "oj",
    "origin": "Myaamia/ilda-dictionary",
    "category": 10005495
  },
  {
    "source": "aaÅ¡awil-",
    "target": "aaÅ¡awil-",
    "source_language": "en",
    "target_language": "oj",
    "origin": "Myaamia/ilda-dictionary",
    "category": 10005495
  },
  {
    "source": "aÅ¡ihsay-",
    "target": "aÅ¡ihsay-",
    "source_language": "en",
    "target_language": "oj",
    "origin": "Myaamia/ilda-dictionary",
    "category": 10005495
  },
  {
    "source": "Å¡aah-",
    "target": "Å¡aah-",
    "source_language": "en",
    "target_language": "oj",
    "origin": "Myaamia/ilda-dictionary",
    "category": 10005495
  },
  {
    "source": "mihÅ¡ahkwat-",
    "target": "mihÅ¡ahkwat-",
    "source_language": "en",
    "target_language": "oj",
    "origin": "Myaamia/ilda-dictionary",
    "category": 10005495
  },
  {
    "source": "aaÅ¡awee-",
    "target": "aaÅ¡awee-",
    "source_language": "en",
    "target_language": "oj",
    "origin": "Myaamia/ilda-dictionary",
    "category": 10005495
  },
  {
    "source": "Å¡aaÅ¡aaÅ¡hkwi-",
    "target": "Å¡aaÅ¡aaÅ¡hkwi-",
    "source_language": "en",
    "target_language": "oj",
    "origin": "Myaamia/ilda-dictionary",
    "category": 10005495
  },
  {
    "source": "Indianapolis",
    "target": "ceenkwihtanonki",
    "source_language": "en",
    "target_language": "mia",
    "origin": "Myaamia/ilda-dictionary",
    "category": 10005495
  },
  {
    "source": "aÅ¡iihkionam-",
    "target": "aÅ¡iihkionam-",
    "source_language": "en",
    "target_language": "mia",
    "origin": "Myaamia/ilda-dictionary",
    "category": 10005495
  },
  {
    "source": "Miami woman",
    "target": "myaamiihkwi-",
    "source_language": "en",
    "target_language": "mia",
    "origin": "Myaamia/ilda-dictionary",
    "category": 10005495
  },
  {
    "source": "immediately, right away",
    "target": "šaawe",
    "source_language": "en",
    "target_language": "mia",
    "origin": "Myaamia/ilda-dictionary",
    "category": 10005495
  },
  {
    "source": "in exchange, reciprocally, across",
    "target": "aašawe",
    "source_language": "en",
    "target_language": "mia",
    "origin": "Myaamia/ilda-dictionary",
    "category": 10005495
  },
  {
    "source": "Imagination",
    "target": "neemawiteeheeyon-",
    "source_language": "en",
    "target_language": "mia",
    "origin": "Myaamia/ilda-dictionary",
    "category": 10005495
  },
  {
    "source": "Microscope",
    "target": "meehšaapantaakan-",
    "source_language": "en",
    "target_language": "mia",
    "origin": "Myaamia/ilda-dictionary",
    "category": 10005495
  },
  {
    "source": "In deep water",
    "target": "kinoonk-",
    "source_language": "en",
    "target_language": "mia",
    "origin": "Myaamia/ilda-dictionary",
    "category": 10005495
  },
  {
    "source": "aahtee-",
    "target": "aahtee-",
    "source_language": "en",
    "target_language": "mia",
    "origin": "Myaamia/ilda-dictionary",
    "category": 10005495
  },
  {
    "source": "inko",
    "target": "inko",
    "source_language": "en",
    "target_language": "mia",
    "origin": "Myaamia/ilda-dictionary",
    "category": 10005495
  },
  {
    "source": "mihÅ¡aa-",
    "target": "mihÅ¡aa-",
    "source_language": "en",
    "target_language": "mia",
    "origin": "Myaamia/ilda-dictionary",
    "category": 10005495
  },
  {
    "source": "East, sunrise",
    "target": "East, sunrise",
    "source_language": "en",
    "target_language": "mia",
    "origin": "Myaamia/ilda-dictionary",
    "category": 10005495
  },
  {
    "source": "Mississippi River",
    "target": "Mississippi River",
    "source_language": "en",
    "target_language": "mia",
    "origin": "Myaamia/ilda-dictionary",
    "category": 10005495
  },
  {
    "source": "Miami-Illinois",
    "target": "Myaamia,Illinois",
    "source_language": "en",
    "target_language": "mia",
    "origin": "Myaamia/ilda-dictionary",
    "category": 10005495
  },
  {
    "source": "Å¡aaÅ¡ihkwee-",
    "target": "Å¡aaÅ¡ihkwee-",
    "source_language": "en",
    "target_language": "mia",
    "origin": "Myaamia/ilda-dictionary",
    "category": 10005495
  },
  {
    "source": "Jump in the water",
    "target": "camonkihsaa",
    "source_language": "en",
    "target_language": "mia",
    "origin": "Myaamia/ilda-dictionary",
    "category": 10005495
  },
  {
    "source": "Avenge him",
    "target": "alotam",
    "source_language": "en",
    "target_language": "mia",
    "origin": "Myaamia/ilda-dictionary",
    "category": 10005495
  },
  {
    "source": "Å¡aaÅ¡ihkaapantani-",
    "target": "Å¡aaÅ¡ihkaapantani-",
    "source_language": "en",
    "target_language": "mia",
    "origin": "Myaamia/ilda-dictionary",
    "category": 10005495
  },
  {
    "source": "Infant, baby",
    "target": "piloohseens-",
    "source_language": "en",
    "target_language": "mia",
    "origin": "Myaamia/ilda-dictionary",
    "category": 10005495
  },
  {
    "source": "aÅ¡aahÅ¡ikop-",
    "target": "aÅ¡aahÅ¡ikop-",
    "source_language": "en",
    "target_language": "mia",
    "origin": "Myaamia/ilda-dictionary",
    "category": 10005495
  },
  {
    "source": "Fort",
    "target": "niimihki",
    "source_language": "en",
    "target_language": "mia",
    "origin": "Myaamia/ilda-dictionary",
    "category": 10005495
  },
  {
    "source": "Å¡",
    "target": "Å¡",
    "source_language": "en",
    "target_language": "mia",
    "origin": "Myaamia/ilda-dictionary",
    "category": 10005495
  },
  {
    "source": "a",
    "target": "a",
    "source_language": "en",
    "target_language": "mia",
    "origin": "Myaamia/ilda-dictionary",
    "category": 10005495
  },
  {
    "source": "I, me",
    "target": "niila",
    "source_language": "en",
    "target_language": "mia",
    "origin": "Myaamia/ilda-dictionary",
    "category": 10005495
  },
  {
    "source": "Å¡aahkweehsi-",
    "target": "Å¡aahkweehsi-",
    "source_language": "en",
    "target_language": "mia",
    "origin": "Myaamia/ilda-dictionary",
    "category": 10005495
  },
  {
    "source": "just, also, recently, wait, hold on!",
    "target": "kiint-",
    "source_language": "en",
    "target_language": "mia",
    "origin": "Myaamia/ilda-dictionary",
    "category": 10005495
  },
  {
    "source": "aaÅ¡awi-",
    "target": "aaÅ¡awi-",
    "source_language": "en",
    "target_language": "mia",
    "origin": "Myaamia/ilda-dictionary",
    "category": 10005495
  },
  {
    "source": "imitate him, mimic him",
    "target": "alohtaw-",
    "source_language": "en",
    "target_language": "mia",
    "origin": "Myaamia/ilda-dictionary",
    "category": 10005495
  },
  {
    "source": "Jump down, fling oneself down",
    "target": "mahtapihsaa",
    "source_language": "en",
    "target_language": "mia",
    "origin": "Myaamia/ilda-dictionary",
    "category": 10005495
  },
  {
    "source": "Instead of, only, rather than, except for",
    "target": "teehš-",
    "source_language": "en",
    "target_language": "mia",
    "origin": "Myaamia/ilda-dictionary",
    "category": 10005495
  },
  {
    "source": "It is flooded",
    "target": "It is flooded",
    "source_language": "en",
    "target_language": "mia",
    "origin": "Myaamia/ilda-dictionary",
    "category": 10005495
  },
  {
    "source": "Miami person",
    "target": "myaamia",
    "source_language": "en",
    "target_language": "mia",
    "origin": "Myaamia/ilda-dictionary",
    "category": 10005495
  },
  {
    "source": "Å¡aahtee-",
    "target": "Å¡aahtee-",
    "source_language": "en",
    "target_language": "mia",
    "origin": "Myaamia/ilda-dictionary",
    "category": 10005495
  },
  {
    "source": "Friend (of the same sex)",
    "target": "Friend (of the same sex)",
    "source_language": "en",
    "target_language": "mia",
    "origin": "Myaamia/ilda-dictionary",
    "category": 10005495
  },
  {
    "source": "Å¡aahÅ¡aakweehsi-",
    "target": "Å¡aahÅ¡aakweehsi-",
    "source_language": "en",
    "target_language": "mia",
    "origin": "Myaamia/ilda-dictionary",
    "category": 10005495
  },
  {
    "source": "ileeÅ¡i",
    "target": "ileeÅ¡i",
    "source_language": "en",
    "target_language": "mia",
    "origin": "Myaamia/ilda-dictionary",
    "category": 10005495
  },
  {
    "source": "auto",
    "target": "auto",
    "source_language": "en",
    "target_language": "mia",
    "origin": "Myaamia/ilda-dictionary",
    "category": 10005495
  },
  {
    "source": "k",
    "target": "k",
    "source_language": "en",
    "target_language": "mia",
    "origin": "Myaamia/ilda-dictionary",
    "category": 10005495
  },
  {
    "source": "Warm oneself",
    "target": "awansi-",
    "source_language": "en",
    "target_language": "mia",
    "origin": "Myaamia/ilda-dictionary",
    "category": 10005495
  },
  {
    "source": "aahteeleentam-",
    "target": "aahteeleentam-",
    "source_language": "en",
    "target_language": "mia",
    "origin": "Myaamia/ilda-dictionary",
    "category": 10005495
  },
  {
    "source": "aaÅ¡awil-",
    "target": "aaÅ¡awil-",
    "source_language": "en",
    "target_language": "mia",
    "origin": "Myaamia/ilda-dictionary",
    "category": 10005495
  },
  {
    "source": "aÅ¡ihsay-",
    "target": "aÅ¡ihsay-",
    "source_language": "en",
    "target_language": "mia",
    "origin": "Myaamia/ilda-dictionary",
    "category": 10005495
  },
  {
    "source": "middle-aged, older man",
    "target": "nakaanakw-",
    "source_language": "en",
    "target_language": "mia",
    "origin": "Myaamia/ilda-dictionary",
    "category": 10005495
  },
  {
    "source": "Å¡aah-",
    "target": "Å¡aah-",
    "source_language": "en",
    "target_language": "mia",
    "origin": "Myaamia/ilda-dictionary",
    "category": 10005495
  },
  {
    "source": "mihÅ¡ahkwat-",
    "target": "mihÅ¡ahkwat-",
    "source_language": "en",
    "target_language": "mia",
    "origin": "Myaamia/ilda-dictionary",
    "category": 10005495
  },
  {
    "source": "ILDA Dictionary",
    "target": "ILDA Dictionary",
    "source_language": "en",
    "target_language": "mia",
    "origin": "Myaamia/ilda-dictionary",
    "category": 10005495
  },
  {
    "source": "Thank you",
    "target": "neewe",
    "source_language": "en",
    "target_language": "mia",
    "origin": "Myaamia/ilda-dictionary",
    "category": 10005495
  },
  {
    "source": "University, college",
    "target": "mihši-nipwaantiikaan-",
    "source_language": "en",
    "target_language": "mia",
    "origin": "Myaamia/ilda-dictionary",
    "category": 10005495
  },
  {
    "source": "aaÅ¡awee-",
    "target": "aaÅ¡awee-",
    "source_language": "en",
    "target_language": "mia",
    "origin": "Myaamia/ilda-dictionary",
    "category": 10005495
  },
  {
    "source": "Indian turnip, Jack-in-the-pulpit (Arisaema triphyllum)",
    "target": "wiihkapesi-",
    "source_language": "en",
    "target_language": "mia",
    "origin": "Myaamia/ilda-dictionary",
    "category": 10005495
  },
  {
    "source": "Painted terrapin turtle (Chrysemys spp.)",
    "target": "mihšihkinaahkw-",
    "source_language": "en",
    "target_language": "mia",
    "origin": "Myaamia/ilda-dictionary",
    "category": 10005495
  },
  {
    "source": "Å¡aaÅ¡aaÅ¡hkwi-",
    "target": "Å¡aaÅ¡aaÅ¡hkwi-",
    "source_language": "en",
    "target_language": "mia",
    "origin": "Myaamia/ilda-dictionary",
    "category": 10005495
  },
  {
    "source": "I lift him up",
    "target": "ampen-",
    "source_language": "en",
    "target_language": "mia",
    "origin": "Myaamia/ilda-dictionary",
    "category": 10005495
  },
  {
    "source": "Illinois River",
    "target": "inohka asiipiomi",
    "source_language": "en",
    "target_language": "mia",
    "origin": "Myaamia/ilda-dictionary",
    "category": 10005495
  },
  {
    "source": "aÅ¡iihkionam-",
    "target": "aÅ¡iihkionam-",
    "source_language": "en",
    "target_language": "chr",
    "origin": "Myaamia/ilda-dictionary",
    "category": 10005495
  },
  {
    "source": "mihÅ¡aa-",
    "target": "mihÅ¡aa-",
    "source_language": "en",
    "target_language": "chr",
    "origin": "Myaamia/ilda-dictionary",
    "category": 10005495
  },
  {
    "source": "Å¡aaÅ¡ihkwee-",
    "target": "Å¡aaÅ¡ihkwee-",
    "source_language": "en",
    "target_language": "chr",
    "origin": "Myaamia/ilda-dictionary",
    "category": 10005495
  },
  {
    "source": "Å¡aaÅ¡ihkaapantani-",
    "target": "Å¡aaÅ¡ihkaapantani-",
    "source_language": "en",
    "target_language": "chr",
    "origin": "Myaamia/ilda-dictionary",
    "category": 10005495
  },
  {
    "source": "aÅ¡aahÅ¡ikop-",
    "target": "aÅ¡aahÅ¡ikop-",
    "source_language": "en",
    "target_language": "chr",
    "origin": "Myaamia/ilda-dictionary",
    "category": 10005495
  },
  {
    "source": "Å¡",
    "target": "Å¡",
    "source_language": "en",
    "target_language": "chr",
    "origin": "Myaamia/ilda-dictionary",
    "category": 10005495
  },
  {
    "source": "a",
    "target": "a",
    "source_language": "en",
    "target_language": "chr",
    "origin": "Myaamia/ilda-dictionary",
    "category": 10005495
  },
  {
    "source": "Å¡aahkweehsi-",
    "target": "Å¡aahkweehsi-",
    "source_language": "en",
    "target_language": "chr",
    "origin": "Myaamia/ilda-dictionary",
    "category": 10005495
  },
  {
    "source": "aaÅ¡awi-",
    "target": "aaÅ¡awi-",
    "source_language": "en",
    "target_language": "chr",
    "origin": "Myaamia/ilda-dictionary",
    "category": 10005495
  },
  {
    "source": "Å¡aahtee-",
    "target": "Å¡aahtee-",
    "source_language": "en",
    "target_language": "chr",
    "origin": "Myaamia/ilda-dictionary",
    "category": 10005495
  },
  {
    "source": "Å¡aahÅ¡aakweehsi-",
    "target": "Å¡aahÅ¡aakweehsi-",
    "source_language": "en",
    "target_language": "chr",
    "origin": "Myaamia/ilda-dictionary",
    "category": 10005495
  },
  {
    "source": "ileeÅ¡i",
    "target": "ileeÅ¡i",
    "source_language": "en",
    "target_language": "chr",
    "origin": "Myaamia/ilda-dictionary",
    "category": 10005495
  },
  {
    "source": "auto",
    "target": "auto",
    "source_language": "en",
    "target_language": "chr",
    "origin": "Myaamia/ilda-dictionary",
    "category": 10005495
  },
  {
    "source": "k",
    "target": "k",
    "source_language": "en",
    "target_language": "chr",
    "origin": "Myaamia/ilda-dictionary",
    "category": 10005495
  },
  {
    "source": "aaÅ¡awil-",
    "target": "aaÅ¡awil-",
    "source_language": "en",
    "target_language": "chr",
    "origin": "Myaamia/ilda-dictionary",
    "category": 10005495
  },
  {
    "source": "aÅ¡ihsay-",
    "target": "aÅ¡ihsay-",
    "source_language": "en",
    "target_language": "chr",
    "origin": "Myaamia/ilda-dictionary",
    "category": 10005495
  },
  {
    "source": "Å¡aah-",
    "target": "Å¡aah-",
    "source_language": "en",
    "target_language": "chr",
    "origin": "Myaamia/ilda-dictionary",
    "category": 10005495
  },
  {
    "source": "mihÅ¡ahkwat-",
    "target": "mihÅ¡ahkwat-",
    "source_language": "en",
    "target_language": "chr",
    "origin": "Myaamia/ilda-dictionary",
    "category": 10005495
  },
  {
    "source": "aaÅ¡awee-",
    "target": "aaÅ¡awee-",
    "source_language": "en",
    "target_language": "chr",
    "origin": "Myaamia/ilda-dictionary",
    "category": 10005495
  },
  {
    "source": "Å¡aaÅ¡aaÅ¡hkwi-",
    "target": "Å¡aaÅ¡aaÅ¡hkwi-",
    "source_language": "en",
    "target_language": "chr",
    "origin": "Myaamia/ilda-dictionary",
    "category": 10005495
  },
  {
    "source": "aÅ¡iihkionam-",
    "target": "aÅ¡iihkionam-",
    "source_language": "en",
    "target_language": "cr",
    "origin": "Myaamia/ilda-dictionary",
    "category": 10005495
  },
  {
    "source": "mihÅ¡aa-",
    "target": "mihÅ¡aa-",
    "source_language": "en",
    "target_language": "cr",
    "origin": "Myaamia/ilda-dictionary",
    "category": 10005495
  },
  {
    "source": "Å¡aaÅ¡ihkwee-",
    "target": "Å¡aaÅ¡ihkwee-",
    "source_language": "en",
    "target_language": "cr",
    "origin": "Myaamia/ilda-dictionary",
    "category": 10005495
  },
  {
    "source": "Å¡aaÅ¡ihkaapantani-",
    "target": "Å¡aaÅ¡ihkaapantani-",
    "source_language": "en",
    "target_language": "cr",
    "origin": "Myaamia/ilda-dictionary",
    "category": 10005495
  },
  {
    "source": "aÅ¡aahÅ¡ikop-",
    "target": "aÅ¡aahÅ¡ikop-",
    "source_language": "en",
    "target_language": "cr",
    "origin": "Myaamia/ilda-dictionary",
    "category": 10005495
  },
  {
    "source": "Å¡",
    "target": "Å¡",
    "source_language": "en",
    "target_language": "cr",
    "origin": "Myaamia/ilda-dictionary",
    "category": 10005495
  },
  {
    "source": "a",
    "target": "a",
    "source_language": "en",
    "target_language": "cr",
    "origin": "Myaamia/ilda-dictionary",
    "category": 10005495
  },
  {
    "source": "Å¡aahkweehsi-",
    "target": "Å¡aahkweehsi-",
    "source_language": "en",
    "target_language": "cr",
    "origin": "Myaamia/ilda-dictionary",
    "category": 10005495
  },
  {
    "source": "aaÅ¡awi-",
    "target": "aaÅ¡awi-",
    "source_language": "en",
    "target_language": "cr",
    "origin": "Myaamia/ilda-dictionary",
    "category": 10005495
  },
  {
    "source": "Å¡aahtee-",
    "target": "Å¡aahtee-",
    "source_language": "en",
    "target_language": "cr",
    "origin": "Myaamia/ilda-dictionary",
    "category": 10005495
  },
  {
    "source": "Å¡aahÅ¡aakweehsi-",
    "target": "Å¡aahÅ¡aakweehsi-",
    "source_language": "en",
    "target_language": "cr",
    "origin": "Myaamia/ilda-dictionary",
    "category": 10005495
  },
  {
    "source": "ileeÅ¡i",
    "target": "ileeÅ¡i",
    "source_language": "en",
    "target_language": "cr",
    "origin": "Myaamia/ilda-dictionary",
    "category": 10005495
  },
  {
    "source": "auto",
    "target": "auto",
    "source_language": "en",
    "target_language": "cr",
    "origin": "Myaamia/ilda-dictionary",
    "category": 10005495
  },
  {
    "source": "k",
    "target": "k",
    "source_language": "en",
    "target_language": "cr",
    "origin": "Myaamia/ilda-dictionary",
    "category": 10005495
  },
  {
    "source": "aaÅ¡awil-",
    "target": "aaÅ¡awil-",
    "source_language": "en",
    "target_language": "cr",
    "origin": "Myaamia/ilda-dictionary",
    "category": 10005495
  },
  {
    "source": "aÅ¡ihsay-",
    "target": "aÅ¡ihsay-",
    "source_language": "en",
    "target_language": "cr",
    "origin": "Myaamia/ilda-dictionary",
    "category": 10005495
  },
  {
    "source": "Å¡aah-",
    "target": "Å¡aah-",
    "source_language": "en",
    "target_language": "cr",
    "origin": "Myaamia/ilda-dictionary",
    "category": 10005495
  },
  {
    "source": "mihÅ¡ahkwat-",
    "target": "mihÅ¡ahkwat-",
    "source_language": "en",
    "target_language": "cr",
    "origin": "Myaamia/ilda-dictionary",
    "category": 10005495
  },
  {
    "source": "aaÅ¡awee-",
    "target": "aaÅ¡awee-",
    "source_language": "en",
    "target_language": "cr",
    "origin": "Myaamia/ilda-dictionary",
    "category": 10005495
  },
  {
    "source": "Å¡aaÅ¡aaÅ¡hkwi-",
    "target": "Å¡aaÅ¡aaÅ¡hkwi-",
    "source_language": "en",
    "target_language": "cr",
    "origin": "Myaamia/ilda-dictionary",
    "category": 10005495
  },
  {
    "source": "cook it",
    "target": "cook it",
    "source_language": "en",
    "target_language": "chr",
    "origin": "Myaamia/glossary",
    "category": 10005495
  },
  {
    "source": "English",
    "target": "English",
    "source_language": "en",
    "target_language": "chr",
    "origin": "Myaamia/glossary",
    "category": 10005495
  },
  {
    "source": "Neck",
    "target": "Neck",
    "source_language": "en",
    "target_language": "chr",
    "origin": "Myaamia/glossary",
    "category": 10005495
  },
  {
    "source": "English",
    "target": "English",
    "source_language": "en",
    "target_language": "oj",
    "origin": "Myaamia/glossary",
    "category": 10005495
  },
  {
    "source": "Neck",
    "target": "Neck",
    "source_language": "en",
    "target_language": "oj",
    "origin": "Myaamia/glossary",
    "category": 10005495
  },
  {
    "source": "cook it",
    "target": "cook it",
    "source_language": "en",
    "target_language": "cr",
    "origin": "Myaamia/glossary",
    "category": 10005495
  },
  {
    "source": "English",
    "target": "English",
    "source_language": "en",
    "target_language": "cr",
    "origin": "Myaamia/glossary",
    "category": 10005495
  },
  {
    "source": "Neck",
    "target": "Neck",
    "source_language": "en",
    "target_language": "cr",
    "origin": "Myaamia/glossary",
    "category": 10005495
  },
  {
    "source": "Miami University",
    "target": "Miami University",
    "source_language": "en",
    "target_language": "mia",
    "origin": "Myaamia/glossary",
    "category": 10005495
  },
  {
    "source": "I emerged",
    "target": "moohkiaani",
    "source_language": "en",
    "target_language": "mia",
    "origin": "Myaamia/glossary",
    "category": 10005495
  },
  {
    "source": "12",
    "target": "12",
    "source_language": "en",
    "target_language": "mia",
    "origin": "Myaamia/glossary",
    "category": 10005495
  },
  {
    "source": "glottolog : miam1252",
    "target": "glottolog : miam1252",
    "source_language": "en",
    "target_language": "mia",
    "origin": "Myaamia/glossary",
    "category": 10005495
  },
  {
    "source": "Glossary",
    "target": "Glossary",
    "source_language": "en",
    "target_language": "mia",
    "origin": "Myaamia/glossary",
    "category": 10005495
  },
  {
    "source": "1,one",
    "target": "nkoti",
    "source_language": "en",
    "target_language": "mia",
    "origin": "Myaamia/glossary",
    "category": 10005495
  },
  {
    "source": "shitface, People of Des Moines",
    "target": "shitface, People of Des Moines",
    "source_language": "en",
    "target_language": "mia",
    "origin": "Myaamia/glossary",
    "category": 10005495
  },
  {
    "source": "Microscopes",
    "target": "Microscopes",
    "source_language": "en",
    "target_language": "mia",
    "origin": "Myaamia/glossary",
    "category": 10005495
  },
  {
    "source": "Thank you friend",
    "target": "neewe niihka",
    "source_language": "en",
    "target_language": "mia",
    "origin": "Myaamia/glossary",
    "category": 10005495
  },
  {
    "source": "Its not over, still more to do, still an issue",
    "target": "Its not over, still more to do, still an issue",
    "source_language": "en",
    "target_language": "mia",
    "origin": "Myaamia/glossary",
    "category": 10005495
  },
  {
    "source": "cook it",
    "target": "cook it",
    "source_language": "en",
    "target_language": "mia",
    "origin": "Myaamia/glossary",
    "category": 10005495
  },
  {
    "source": "yes, ok, sure",
    "target": "naaka",
    "source_language": "en",
    "target_language": "mia",
    "origin": "Myaamia/glossary",
    "category": 10005495
  },
  {
    "source": "Take him along, lead him",
    "target": "awal-",
    "source_language": "en",
    "target_language": "mia",
    "origin": "Myaamia/glossary",
    "category": 10005495
  },
  {
    "source": "Shave one's skin",
    "target": "kaahkilookii-",
    "source_language": "en",
    "target_language": "mia",
    "origin": "Myaamia/glossary",
    "category": 10005495
  },
  {
    "source": "You shave your skin",
    "target": "kaahkilookiiyiikwi",
    "source_language": "en",
    "target_language": "mia",
    "origin": "Myaamia/glossary",
    "category": 10005495
  },
  {
    "source": "I am going to Indianapolis",
    "target": "ceenkwhtanonkiši iiyaayaani",
    "source_language": "en",
    "target_language": "mia",
    "origin": "Myaamia/glossary",
    "category": 10005495
  },
  {
    "source": "20",
    "target": "20",
    "source_language": "en",
    "target_language": "mia",
    "origin": "Myaamia/glossary",
    "category": 10005495
  },
  {
    "source": "University, college",
    "target": "University, college",
    "source_language": "en",
    "target_language": "mia",
    "origin": "Myaamia/glossary",
    "category": 10005495
  },
  {
    "source": "It is flooded",
    "target": "moohkhsenwi",
    "source_language": "en",
    "target_language": "mia",
    "origin": "Myaamia/glossary",
    "category": 10005495
  },
  {
    "source": "we welcome you!",
    "target": "meentitohkaalilaanki",
    "source_language": "en",
    "target_language": "mia",
    "origin": "Myaamia/glossary",
    "category": 10005495
  },
  {
    "source": "Let's take him along!,lead him",
    "target": "awal-",
    "source_language": "en",
    "target_language": "mia",
    "origin": "Myaamia/glossary",
    "category": 10005495
  },
  {
    "source": "Young woman,maiden",
    "target": "Young woman,maiden",
    "source_language": "en",
    "target_language": "mia",
    "origin": "Myaamia/glossary",
    "category": 10005495
  },
  {
    "source": "It goes out of a fire, It goes out of or light",
    "target": "It goes out of a fire, It goes out of or light",
    "source_language": "en",
    "target_language": "mia",
    "origin": "Myaamia/glossary",
    "category": 10005495
  },
  {
    "source": "Miami woman",
    "target": "Miami woman",
    "source_language": "en",
    "target_language": "mia",
    "origin": "Myaamia/glossary",
    "category": 10005495
  },
  {
    "source": "You shave your skin",
    "target": "kaahkilookiiyani",
    "source_language": "en",
    "target_language": "mia",
    "origin": "Myaamia/glossary",
    "category": 10005495
  },
  {
    "source": "Miami homelands along the Marais des Cygnes River (Kansas)",
    "target": "Miami homelands along the Marais des Cygnes River (Kansas)",
    "source_language": "en",
    "target_language": "mia",
    "origin": "Myaamia/glossary",
    "category": 10005495
  },
  {
    "source": "We emerge",
    "target": "moohkiiyankwi",
    "source_language": "en",
    "target_language": "mia",
    "origin": "Myaamia/glossary",
    "category": 10005495
  },
  {
    "source": "East, sunrise",
    "target": "East, sunrise",
    "source_language": "en",
    "target_language": "mia",
    "origin": "Myaamia/glossary",
    "category": 10005495
  },
  {
    "source": "(10;s delimenter) ",
    "target": "-aasi ",
    "source_language": "en",
    "target_language": "mia",
    "origin": "Myaamia/glossary",
    "category": 10005495
  },
  {
    "source": "I am coming from Indianapolis",
    "target": "ceenkwhtanonkonci pyaayaani",
    "source_language": "en",
    "target_language": "mia",
    "origin": "Myaamia/glossary",
    "category": 10005495
  },
  {
    "source": "Miami homelands along the Neosho River (Oklahoma)",
    "target": "Miami homelands along the Neosho River (Oklahoma)",
    "source_language": "en",
    "target_language": "mia",
    "origin": "Myaamia/glossary",
    "category": 10005495
  },
  {
    "source": "Indian turnips, Jack-in-the-pulpits",
    "target": "wiihkapesiaki",
    "source_language": "en",
    "target_language": "mia",
    "origin": "Myaamia/glossary",
    "category": 10005495
  },
  {
    "source": "I am going to the Miami homelands (Oklahoma) next week",
    "target": "I am going to the Miami homelands (Oklahoma) next week",
    "source_language": "en",
    "target_language": "mia",
    "origin": "Myaamia/glossary",
    "category": 10005495
  },
  {
    "source": "10,ten",
    "target": "10,ten",
    "source_language": "en",
    "target_language": "mia",
    "origin": "Myaamia/glossary",
    "category": 10005495
  },
  {
    "source": "yes, okay, affirmative, you're welcome",
    "target": "iihia",
    "source_language": "en",
    "target_language": "mia",
    "origin": "Myaamia/glossary",
    "category": 10005495
  },
  {
    "source": "Young women,maiden",
    "target": "Young women,maiden",
    "source_language": "en",
    "target_language": "mia",
    "origin": "Myaamia/glossary",
    "category": 10005495
  },
  {
    "source": "4,four",
    "target": "4,four",
    "source_language": "en",
    "target_language": "mia",
    "origin": "Myaamia/glossary",
    "category": 10005495
  },
  {
    "source": "That's it, it's over with, it's done",
    "target": "That's it, it's over with, it's done",
    "source_language": "en",
    "target_language": "mia",
    "origin": "Myaamia/glossary",
    "category": 10005495
  },
  {
    "source": "Mississippi River",
    "target": "Mississippi River",
    "source_language": "en",
    "target_language": "mia",
    "origin": "Myaamia/glossary",
    "category": 10005495
  },
  {
    "source": "day",
    "target": "day",
    "source_language": "en",
    "target_language": "mia",
    "origin": "Myaamia/glossary",
    "category": 10005495
  },
  {
    "source": "English",
    "target": "English",
    "source_language": "en",
    "target_language": "mia",
    "origin": "Myaamia/glossary",
    "category": 10005495
  },
  {
    "source": "Miami homelands along the Wabash River (Indiana)\t",
    "target": "Miami homelands along the Wabash River (Indiana)\t",
    "source_language": "en",
    "target_language": "mia",
    "origin": "Myaamia/glossary",
    "category": 10005495
  },
  {
    "source": "Infants, babies",
    "target": "piloohseensaki",
    "source_language": "en",
    "target_language": "mia",
    "origin": "Myaamia/glossary",
    "category": 10005495
  },
  {
    "source": "From the east",
    "target": "From the east",
    "source_language": "en",
    "target_language": "mia",
    "origin": "Myaamia/glossary",
    "category": 10005495
  },
  {
    "source": "I shave my skin\t",
    "target": "kaahkilookiaani\t",
    "source_language": "en",
    "target_language": "mia",
    "origin": "Myaamia/glossary",
    "category": 10005495
  },
  {
    "source": "Is it out?",
    "target": "Is it out?",
    "source_language": "en",
    "target_language": "mia",
    "origin": "Myaamia/glossary",
    "category": 10005495
  },
  {
    "source": "Welcome to the Myaamia-Peewaalia dictionary",
    "target": "Welcome to the Myaamia-Peewaalia dictionary",
    "source_language": "en",
    "target_language": "mia",
    "origin": "Myaamia/glossary",
    "category": 10005495
  },
  {
    "source": "Smear dirt on it",
    "target": "Smear dirt on it",
    "source_language": "en",
    "target_language": "mia",
    "origin": "Myaamia/glossary",
    "category": 10005495
  },
  {
    "source": "Painted terrapin turtle (Chrysemys spp.)",
    "target": "Painted terrapin turtle (Chrysemys spp.)",
    "source_language": "en",
    "target_language": "mia",
    "origin": "Myaamia/glossary",
    "category": 10005495
  },
  {
    "source": "6,six",
    "target": "6,six",
    "source_language": "en",
    "target_language": "mia",
    "origin": "Myaamia/glossary",
    "category": 10005495
  },
  {
    "source": "Yes, it is correct",
    "target": "iihia, eelaamweekaneewiki",
    "source_language": "en",
    "target_language": "mia",
    "origin": "Myaamia/glossary",
    "category": 10005495
  },
  {
    "source": "Middle-aged, older man",
    "target": "Middle-aged, older man",
    "source_language": "en",
    "target_language": "mia",
    "origin": "Myaamia/glossary",
    "category": 10005495
  },
  {
    "source": "Surface, emerge",
    "target": "moohkii-",
    "source_language": "en",
    "target_language": "mia",
    "origin": "Myaamia/glossary",
    "category": 10005495
  },
  {
    "source": "weeping willow (Salix babylonica)",
    "target": "niipyaahkatw-",
    "source_language": "en",
    "target_language": "mia",
    "origin": "Myaamia/glossary",
    "category": 10005495
  },
  {
    "source": "We shave our skin!",
    "target": "kaahkilookiaanki",
    "source_language": "en",
    "target_language": "mia",
    "origin": "Myaamia/glossary",
    "category": 10005495
  },
  {
    "source": "Say to each other",
    "target": "Say to each other",
    "source_language": "en",
    "target_language": "mia",
    "origin": "Myaamia/glossary",
    "category": 10005495
  },
  {
    "source": "7,seven",
    "target": "7,seven",
    "source_language": "en",
    "target_language": "mia",
    "origin": "Myaamia/glossary",
    "category": 10005495
  },
  {
    "source": "Clean him (as of fish, game, etc)",
    "target": "Clean him (as of fish, game, etc)",
    "source_language": "en",
    "target_language": "mia",
    "origin": "Myaamia/glossary",
    "category": 10005495
  },
  {
    "source": "In deep water",
    "target": "kinoonke",
    "source_language": "en",
    "target_language": "mia",
    "origin": "Myaamia/glossary",
    "category": 10005495
  },
  {
    "source": "Infant, baby",
    "target": "piloohseensa",
    "source_language": "en",
    "target_language": "mia",
    "origin": "Myaamia/glossary",
    "category": 10005495
  },
  {
    "source": "Miami woman",
    "target": "Miami woman",
    "source_language": "en",
    "target_language": "mia",
    "origin": "Myaamia/glossary",
    "category": 10005495
  },
  {
    "source": "Middle-aged, older men",
    "target": "Middle-aged, older men",
    "source_language": "en",
    "target_language": "mia",
    "origin": "Myaamia/glossary",
    "category": 10005495
  },
  {
    "source": "just, also, recently, wait, hold on!",
    "target": "jkiint-",
    "source_language": "en",
    "target_language": "mia",
    "origin": "Myaamia/glossary",
    "category": 10005495
  },
  {
    "source": "It is flooded",
    "target": "moohkihsen-",
    "source_language": "en",
    "target_language": "mia",
    "origin": "Myaamia/glossary",
    "category": 10005495
  },
  {
    "source": "Friends!",
    "target": "Friends!",
    "source_language": "en",
    "target_language": "mia",
    "origin": "Myaamia/glossary",
    "category": 10005495
  },
  {
    "source": "He won't get up",
    "target": "He won't get up",
    "source_language": "en",
    "target_language": "mia",
    "origin": "Myaamia/glossary",
    "category": 10005495
  },
  {
    "source": "you're welcome",
    "target": "iihia",
    "source_language": "en",
    "target_language": "mia",
    "origin": "Myaamia/glossary",
    "category": 10005495
  },
  {
    "source": "no",
    "target": "moohci",
    "source_language": "en",
    "target_language": "mia",
    "origin": "Myaamia/glossary",
    "category": 10005495
  },
  {
    "source": "One hundred, 100",
    "target": "nkotwaahkwe",
    "source_language": "en",
    "target_language": "mia",
    "origin": "Myaamia/glossary",
    "category": 10005495
  },
  {
    "source": "Young woman,maiden",
    "target": "Young woman,maiden",
    "source_language": "en",
    "target_language": "mia",
    "origin": "Myaamia/glossary",
    "category": 10005495
  },
  {
    "source": "Instead of, only, rather than, except for",
    "target": "teehši",
    "source_language": "en",
    "target_language": "mia",
    "origin": "Myaamia/glossary",
    "category": 10005495
  },
  {
    "source": "Language codes ISO 639-3 mia, Miami",
    "target": "Language codes ISO 639-3 mia, Miami",
    "source_language": "en",
    "target_language": "mia",
    "origin": "Myaamia/glossary",
    "category": 10005495
  },
  {
    "source": "5,five",
    "target": "5,five",
    "source_language": "en",
    "target_language": "mia",
    "origin": "Myaamia/glossary",
    "category": 10005495
  },
  {
    "source": "no,not",
    "target": "moohci",
    "source_language": "en",
    "target_language": "mia",
    "origin": "Myaamia/glossary",
    "category": 10005495
  },
  {
    "source": "num, numerals, numbers",
    "target": "akincikoona",
    "source_language": "en",
    "target_language": "mia",
    "origin": "Myaamia/glossary",
    "category": 10005495
  },
  {
    "source": "day",
    "target": "day",
    "source_language": "en",
    "target_language": "mia",
    "origin": "Myaamia/glossary",
    "category": 10005495
  },
  {
    "source": "The Miami people",
    "target": "The Miami people",
    "source_language": "en",
    "target_language": "mia",
    "origin": "Myaamia/glossary",
    "category": 10005495
  },
  {
    "source": "It is extinguished, gone out",
    "target": "It is extinguished, gone out",
    "source_language": "en",
    "target_language": "mia",
    "origin": "Myaamia/glossary",
    "category": 10005495
  },
  {
    "source": "Neck",
    "target": "Neck",
    "source_language": "en",
    "target_language": "mia",
    "origin": "Myaamia/glossary",
    "category": 10005495
  },
  {
    "source": "Towards the east",
    "target": "awansaapiciši",
    "source_language": "en",
    "target_language": "mia",
    "origin": "Myaamia/glossary",
    "category": 10005495
  },
  {
    "source": "I only have one",
    "target": "teehši nkoti",
    "source_language": "en",
    "target_language": "mia",
    "origin": "Myaamia/glossary",
    "category": 10005495
  },
  {
    "source": "Miami",
    "target": "Myaamia",
    "source_language": "en",
    "target_language": "mia",
    "origin": "Myaamia/glossary",
    "category": 10005495
  },
  {
    "source": "We are strong, we are resilient, we are Myaamia",
    "target": "We are strong, we are resilient, we are Myaamia",
    "source_language": "en",
    "target_language": "mia",
    "origin": "Myaamia/glossary",
    "category": 10005495
  },
  {
    "source": "You emerge",
    "target": "moohkiiyani",
    "source_language": "en",
    "target_language": "mia",
    "origin": "Myaamia/glossary",
    "category": 10005495
  },
  {
    "source": "It is flooded",
    "target": "It is flooded",
    "source_language": "en",
    "target_language": "mia",
    "origin": "Myaamia/glossary",
    "category": 10005495
  },
  {
    "source": "Kaskaskia people",
    "target": "kaahkaahkiaki",
    "source_language": "en",
    "target_language": "mia",
    "origin": "Myaamia/glossary",
    "category": 10005495
  },
  {
    "source": "Imagination",
    "target": "neemawiteeheeyoni",
    "source_language": "en",
    "target_language": "mia",
    "origin": "Myaamia/glossary",
    "category": 10005495
  },
  {
    "source": "English,En",
    "target": "aakalaahšimaataweenki",
    "source_language": "en",
    "target_language": "mia",
    "origin": "Myaamia/glossary",
    "category": 10005495
  },
  {
    "source": "11,eleven",
    "target": "11,eleven",
    "source_language": "en",
    "target_language": "mia",
    "origin": "Myaamia/glossary",
    "category": 10005495
  },
  {
    "source": "Hold on! I am coming now",
    "target": "kiinte! noonki pyaayaani",
    "source_language": "en",
    "target_language": "mia",
    "origin": "Myaamia/glossary",
    "category": 10005495
  },
  {
    "source": "You emerge",
    "target": "moohkiiyiikwi",
    "source_language": "en",
    "target_language": "mia",
    "origin": "Myaamia/glossary",
    "category": 10005495
  },
  {
    "source": "Be so big, so large, of a certain size",
    "target": "Be so big, so large, of a certain size",
    "source_language": "en",
    "target_language": "mia",
    "origin": "Myaamia/glossary",
    "category": 10005495
  },
  {
    "source": "It comes to the surface quickly",
    "target": "moohkhseeki",
    "source_language": "en",
    "target_language": "mia",
    "origin": "Myaamia/glossary",
    "category": 10005495
  },
  {
    "source": "3,three",
    "target": "3,three",
    "source_language": "en",
    "target_language": "mia",
    "origin": "Myaamia/glossary",
    "category": 10005495
  },
  {
    "source": "8,Eight",
    "target": "8,Eight",
    "source_language": "en",
    "target_language": "mia",
    "origin": "Myaamia/glossary",
    "category": 10005495
  },
  {
    "source": "Microscope",
    "target": "Microscope",
    "source_language": "en",
    "target_language": "mia",
    "origin": "Myaamia/glossary",
    "category": 10005495
  },
  {
    "source": "River",
    "target": "siipiiw",
    "source_language": "en",
    "target_language": "mia",
    "origin": "Myaamia/glossary",
    "category": 10005495
  },
  {
    "source": "Friend (of the same sex)",
    "target": "Friend (of the same sex)",
    "source_language": "en",
    "target_language": "mia",
    "origin": "Myaamia/glossary",
    "category": 10005495
  },
  {
    "source": "It is extinguished, gone out",
    "target": "It is extinguished, gone out",
    "source_language": "en",
    "target_language": "mia",
    "origin": "Myaamia/glossary",
    "category": 10005495
  },
  {
    "source": "I clean him ,or her (as of fish, game, etc)",
    "target": "I clean him ,or her (as of fish, game, etc)",
    "source_language": "en",
    "target_language": "mia",
    "origin": "Myaamia/glossary",
    "category": 10005495
  },
  {
    "source": "Hello friend",
    "target": "Hello friend",
    "source_language": "en",
    "target_language": "mia",
    "origin": "Myaamia/glossary",
    "category": 10005495
  },
  {
    "source": "It is flooded",
    "target": "moohkhsenki",
    "source_language": "en",
    "target_language": "mia",
    "origin": "Myaamia/glossary",
    "category": 10005495
  },
  {
    "source": "Turn off the light, extinguish it",
    "target": "Turn off the light, extinguish it",
    "source_language": "en",
    "target_language": "mia",
    "origin": "Myaamia/glossary",
    "category": 10005495
  },
  {
    "source": "It comes to the surface quickly",
    "target": "moohkhseewi",
    "source_language": "en",
    "target_language": "mia",
    "origin": "Myaamia/glossary",
    "category": 10005495
  },
  {
    "source": "Painted terrapin turtles",
    "target": "Painted terrapin turtles",
    "source_language": "en",
    "target_language": "mia",
    "origin": "Myaamia/glossary",
    "category": 10005495
  },
  {
    "source": "We! emerge",
    "target": "moohkiaanki",
    "source_language": "en",
    "target_language": "mia",
    "origin": "Myaamia/glossary",
    "category": 10005495
  },
  {
    "source": "I just woke up",
    "target": "kiinte eemamwiaani",
    "source_language": "en",
    "target_language": "mia",
    "origin": "Myaamia/glossary",
    "category": 10005495
  },
  {
    "source": "Universities, colleges",
    "target": "Universities, colleges",
    "source_language": "en",
    "target_language": "mia",
    "origin": "Myaamia/glossary",
    "category": 10005495
  },
  {
    "source": "I said no",
    "target": "moohci noonk",
    "source_language": "en",
    "target_language": "mia",
    "origin": "Myaamia/glossary",
    "category": 10005495
  },
  {
    "source": "Thirty five, 35",
    "target": "nihswi mateeni yaalanwaasi",
    "source_language": "en",
    "target_language": "mia",
    "origin": "Myaamia/glossary",
    "category": 10005495
  },
  {
    "source": "Only I can do this",
    "target": "niilaahka teehši niiši iišileniaani",
    "source_language": "en",
    "target_language": "mia",
    "origin": "Myaamia/glossary",
    "category": 10005495
  },
  {
    "source": "Friend!",
    "target": "niihka",
    "source_language": "en",
    "target_language": "mia",
    "origin": "Myaamia/glossary",
    "category": 10005495
  },
  {
    "source": "Indian turnip, Jack-in-the-pulpit ",
    "target": "wiihkapesia ",
    "source_language": "en",
    "target_language": "mia",
    "origin": "Myaamia/glossary",
    "category": 10005495
  },
  {
    "source": "Miami homelands, the place of the Miamis",
    "target": "Miami homelands, the place of the Miamis",
    "source_language": "en",
    "target_language": "mia",
    "origin": "Myaamia/glossary",
    "category": 10005495
  },
  {
    "source": "Katydid",
    "target": "kaahkaahki-",
    "source_language": "en",
    "target_language": "mia",
    "origin": "Myaamia/glossary",
    "category": 10005495
  },
  {
    "source": "2,two",
    "target": "niišwi",
    "source_language": "en",
    "target_language": "mia",
    "origin": "Myaamia/glossary",
    "category": 10005495
  },
  {
    "source": "I imitate, mimic him, mimic her",
    "target": "I imitate, mimic him, mimic her",
    "source_language": "en",
    "target_language": "mia",
    "origin": "Myaamia/glossary",
    "category": 10005495
  },
  {
    "source": "just, also, recently, wait, hold on!",
    "target": "kiinte",
    "source_language": "en",
    "target_language": "mia",
    "origin": "Myaamia/glossary",
    "category": 10005495
  },
  {
    "source": "I am Miami",
    "target": "I am Miami",
    "source_language": "en",
    "target_language": "mia",
    "origin": "Myaamia/glossary",
    "category": 10005495
  },
  {
    "source": "Miami, Irenwee, Peoria",
    "target": "Myaamia, Irenwe.Peoria",
    "source_language": "en",
    "target_language": "mia",
    "origin": "Myaamia/glossary",
    "category": 10005495
  },
  {
    "source": "Today",
    "target": "noonki kaahkiihkwe",
    "source_language": "en",
    "target_language": "mia",
    "origin": "Myaamia/glossary",
    "category": 10005495
  },
  {
    "source": "Warm oneself",
    "target": "awansi-",
    "source_language": "en",
    "target_language": "mia",
    "origin": "Myaamia/glossary",
    "category": 10005495
  },
  {
    "source": "Thank you very much, big thanks",
    "target": "mihši neewe",
    "source_language": "en",
    "target_language": "mia",
    "origin": "Myaamia/glossary",
    "category": 10005495
  },
  {
    "source": "It comes to the surface quickly",
    "target": "It comes to the surface quickly",
    "source_language": "en",
    "target_language": "mia",
    "origin": "Myaamia/glossary",
    "category": 10005495
  },
  {
    "source": "9,nine",
    "target": "9,nine",
    "source_language": "en",
    "target_language": "mia",
    "origin": "Myaamia/glossary",
    "category": 10005495
  },
  {
    "source": "Clean him",
    "target": "Clean him",
    "source_language": "en",
    "target_language": "mia",
    "origin": "Myaamia/glossary",
    "category": 10005495
  },
  {
    "source": "glossary",
    "target": "glossary",
    "source_language": "en",
    "target_language": "mia",
    "origin": "Myaamia/glossary",
    "category": 10005495
  },
  {
    "source": "en,English language",
    "target": "en,English language",
    "source_language": "en",
    "target_language": "mia",
    "origin": "Myaamia/glossary",
    "category": 10005495
  },
  {
    "source": "I will come right away.",
    "target": "šaawe kati pyaayaani",
    "source_language": "en",
    "target_language": "mia",
    "origin": "Myaamia/glossary",
    "category": 10005495
  },
  {
    "source": "weeping willow trees, weeping willows",
    "target": "niipyaahkatwa",
    "source_language": "en",
    "target_language": "mia",
    "origin": "Myaamia/glossary",
    "category": 10005495
  },
  {
    "source": "Thank you",
    "target": "neewe",
    "source_language": "en",
    "target_language": "mia",
    "origin": "Myaamia/glossary",
    "category": 10005495
  },
  {
    "source": "My friend",
    "target": "niihkaana",
    "source_language": "en",
    "target_language": "mia",
    "origin": "Myaamia/glossary",
    "category": 10005495
  },
  {
    "source": "Miami women",
    "target": "Miami women",
    "source_language": "en",
    "target_language": "mia",
    "origin": "Myaamia/glossary",
    "category": 10005495
  },
  {
    "source": "I lift him,I lift her up",
    "target": "I lift him,I lift her up",
    "source_language": "en",
    "target_language": "mia",
    "origin": "Myaamia/glossary",
    "category": 10005495
  },
  {
    "source": "Yes,okay,, affirmative, you're welcome",
    "target": "Yes,okay,, affirmative, you're welcome",
    "source_language": "en",
    "target_language": "mia",
    "origin": "Myaamia/glossary",
    "category": 10005495
  },
  {
    "source": "I won't fail the test",
    "target": "inko-hka aalweeliaani kocihtamaakani",
    "source_language": "en",
    "target_language": "mia",
    "origin": "Myaamia/glossary",
    "category": 10005495
  },
  {
    "source": "He won't come",
    "target": "He won't come",
    "source_language": "en",
    "target_language": "mia",
    "origin": "Myaamia/glossary",
    "category": 10005495
  },
  {
    "source": "We are Miami",
    "target": "We are Miami",
    "source_language": "en",
    "target_language": "mia",
    "origin": "Myaamia/glossary",
    "category": 10005495
  },
  {
    "source": "She is in deep water",
    "target": "kinoonke eepici",
    "source_language": "en",
    "target_language": "mia",
    "origin": "Myaamia/glossary",
    "category": 10005495
  },
  {
    "source": "weeping willow",
    "target": "niipyaahkatwi",
    "source_language": "en",
    "target_language": "mia",
    "origin": "Myaamia/glossary",
    "category": 10005495
  },
  {
    "source": "not",
    "target": "moohci",
    "source_language": "en",
    "target_language": "mia",
    "origin": "Myaamia/glossary",
    "category": 10005495
  },
  {
    "source": "Miami",
    "target": "Myaamia",
    "source_language": "en",
    "target_language": "mia",
    "origin": "Myaamia/myaamia-bundle",
    "category": 10005495
  },
  {
    "source": "Miami",
    "target": "ᎠᏯᏙᎸᎢ",
    "source_language": "en",
    "target_language": "chr",
    "origin": "Myaamia/myaamia-bundle",
    "category": 10005495
  }
]