{
  "metadata": {
    "version": "5.7-dev",
    "server": "Hosted Weblate",
    "domain": "hosted.weblate.org",
    "timestamp": "2024-06-29T12:57:19.350494+00:00"
  },
  "project": {
    "name": "Myaamia",
    "slug": "Myaamia",
    "web": "https://github.com/necrose99/Myaamia",
    "instructions": "https://mc.miamioh.edu/ilda-myaamia/dictionary\r\n\r\nbuilding dictionaries etc for open source apps local is MIA , \r\n\r\nour tribes Language revitalization efforts doing my bit to lean practice etc ... \r\nhunspell TMX files for ai or the like or even to use in other weblate projects have at ye..",
    "access_control": 0,
    "language_aliases": "",
    "set_language_team": true,
    "use_shared_tm": true,
    "contribute_shared_tm": true,
    "translation_review": true,
    "source_review": true,
    "enable_hooks": true
  },
  "labels": [
    {
      "name": "Automatically translated",
      "color": "yellow"
    },
    {
      "name": "Mahkihkiwa",
      "color": "gray"
    },
    {
      "name": "Miami Illinois Algonquian",
      "color": "teal"
    },
    {
      "name": "Myaamia",
      "color": "olive"
    },
    {
      "name": "Native American Languages",
      "color": "blue"
    }
  ]
}