{
  "component": {
    "name": "myaamia-bundle",
    "slug": "myaamia-bundle",
    "vcs": "local",
    "repo": "local:",
    "push": "",
    "repoweb": "https://github.com/necrose99/Myaamia",
    "report_source_bugs": "",
    "branch": "main",
    "push_branch": "",
    "filemask": "Myaamia.*.json",
    "template": "Myaamia.en.json",
    "edit_template": true,
    "intermediate": "",
    "new_base": "",
    "file_format": "json-nested",
    "locked": false,
    "allow_translation_propagation": true,
    "enable_suggestions": true,
    "suggestion_voting": false,
    "suggestion_autoaccept": 0,
    "check_flags": "",
    "enforced_checks": [],
    "license": "MIT",
    "agreement": "",
    "new_lang": "contact",
    "language_code_style": "",
    "manage_units": true,
    "merge_style": "rebase",
    "commit_message": "Translated using Weblate ({{ language_name }})\n\nCurrently translated at {{ stats.translated_percent }}% ({{ stats.translated }} of {{ stats.all }} strings)\n\nTranslation: {{ project_name }}/{{ component_name }}\nTranslate-URL: {{ url }}",
    "add_message": "Added translation using Weblate ({{ language_name }})\n\n",
    "delete_message": "Deleted translation using Weblate ({{ language_name }})\n\n",
    "merge_message": "Merge branch '{{ component_remote_branch }}' into Weblate.\n\n",
    "addon_message": "Update translation files\n\nUpdated by \"{{ addon_name }}\" add-on in Weblate.\n\nTranslation: {{ project_name }}/{{ component_name }}\nTranslate-URL: {{ url }}",
    "pull_message": "Translations update from {{ site_title }}\n\nTranslations update from [{{ site_title }}]({{ site_url }}) for [{{ project_name }}/{{ component_name }}]({{url}}).\n\n{% if component_linked_childs %}\nIt also includes following components:\n{% for linked in component_linked_childs %}\n* [{{ linked.project_name }}/{{ linked.name }}]({{ linked.url }})\n{% endfor %}\n{% endif %}\n\nCurrent translation status:\n\n![Weblate translation status]({{widget_url}})\n",
    "push_on_commit": true,
    "commit_pending_age": 24,
    "auto_lock_error": true,
    "source_language": "en",
    "language_regex": "^[^.]+$",
    "variant_regex": "",
    "priority": 100,
    "restricted": false,
    "is_glossary": false,
    "glossary_color": "silver",
    "remote_revision": "",
    "local_revision": "ac5fe6ae975b174b4dfb2e53c80e62ccf10d9085"
  },
  "translations": [
    {
      "id": 1464551,
      "language_code": "en",
      "plural": {
        "source": 0,
        "number": 2,
        "formula": "n != 1",
        "type": 1
      },
      "revision": "32168b1fafa7a37418f913cbfaa519b8332eedbd,32168b1fafa7a37418f913cbfaa519b8332eedbd",
      "filename": "Myaamia.en.json"
    },
    {
      "id": 1464555,
      "language_code": "chr",
      "plural": {
        "source": 0,
        "number": 2,
        "formula": "n != 1",
        "type": 1
      },
      "revision": "4d8944f49e1c2e6939b2a523f74eff7ff9bb89d3,32168b1fafa7a37418f913cbfaa519b8332eedbd",
      "filename": "Myaamia.chr.json"
    },
    {
      "id": 1464553,
      "language_code": "cr",
      "plural": {
        "source": 0,
        "number": 2,
        "formula": "n != 1",
        "type": 1
      },
      "revision": "bbef289223843e2def702d4f0db2c453b476bfa0,32168b1fafa7a37418f913cbfaa519b8332eedbd",
      "filename": "Myaamia.cr.json"
    },
    {
      "id": 1464904,
      "language_code": "mia",
      "plural": {
        "source": 0,
        "number": 2,
        "formula": "n > 1",
        "type": 1
      },
      "revision": "0e59649adb17116962d42bac68b3c62454856b1f,32168b1fafa7a37418f913cbfaa519b8332eedbd",
      "filename": "Myaamia.mia.json"
    }
  ],
  "units": [
    {
      "translation_id": 1464551,
      "id_hash": "e8515b73002e5376",
      "location": "",
      "context": "targetLocale",
      "note": "",
      "flags": "",
      "source": "Miami",
      "previous_source": "",
      "target": "Miami",
      "state": 30,
      "original_state": 30,
      "details": {},
      "position": 1,
      "num_words": 1,
      "priority": 100,
      "pending": false,
      "timestamp": "2024-06-17T18:25:39.328950+00:00",
      "extra_flags": "",
      "explanation": "https://aacimotaatiiyankwi.org/2020/03/24/cecaahkwa-neehi-myaamiaki/\r\nOur Waapanahkia ‘Lenape’ (Delaware) grandfathers referred to us as Tuwéhtuwe ‘Twigh Twee.’ This name seems to have been used by Indigenous peoples whose homelands are in what is today Virginia, Pennsylvania and New York.[1] At some point in the past, the Cherokee also used Twigh Twee as a name for our people. In 1820, Meehcikilita ‘Le Gros’ shared a story with C.C. Trowbridge that recounts the origin of the name. In the story, Meehcikilita said Myaamia people “discovered the Cherokees, and were in the habit of making war upon them.” Cherokee homelands include parts of what are today the states of Tennessee, Georgia, North Carolina, and Alabama. In this early period of warfare, Myaamia people likely targeted the Overhill Cherokee towns in what is today southeastern Tennessee. In his story, Meehcikilita recounted that the Myaamia had made three successful attacks on those communities before the Cherokee planned a retaliatory attack.",
      "labels": [
        "Native American Languages",
        "Miami Illinois Algonquian",
        "Myaamia"
      ],
      "comments": [],
      "checks": [],
      "suggestions": []
    },
    {
      "translation_id": 1464555,
      "id_hash": "e8515b73002e5376",
      "location": "",
      "context": "targetLocale",
      "note": "",
      "flags": "",
      "source": "Miami",
      "previous_source": "",
      "target": "ᎠᏯᏙᎸᎢ",
      "state": 30,
      "original_state": 30,
      "details": {},
      "position": 1,
      "num_words": 1,
      "priority": 100,
      "pending": false,
      "timestamp": "2024-06-17T18:31:34.036299+00:00",
      "extra_flags": "",
      "explanation": "",
      "labels": [],
      "comments": [],
      "checks": [],
      "suggestions": []
    },
    {
      "translation_id": 1464553,
      "id_hash": "e8515b73002e5376",
      "location": "",
      "context": "targetLocale",
      "note": "",
      "flags": "",
      "source": "Miami",
      "previous_source": "",
      "target": "",
      "state": 0,
      "original_state": 0,
      "details": {},
      "position": 1,
      "num_words": 1,
      "priority": 100,
      "pending": false,
      "timestamp": "2024-06-17T18:30:21.327421+00:00",
      "extra_flags": "",
      "explanation": "",
      "labels": [],
      "comments": [],
      "checks": [],
      "suggestions": []
    },
    {
      "translation_id": 1464904,
      "id_hash": "e8515b73002e5376",
      "location": "",
      "context": "targetLocale",
      "note": "",
      "flags": "",
      "source": "Miami",
      "previous_source": "myaamia",
      "target": "Myaamia",
      "state": 30,
      "original_state": 30,
      "details": {},
      "position": 1,
      "num_words": 1,
      "priority": 100,
      "pending": false,
      "timestamp": "2024-06-20T20:45:47.768823+00:00",
      "extra_flags": "",
      "explanation": "",
      "labels": [],
      "comments": [],
      "checks": [],
      "suggestions": []
    }
  ],
  "screenshots": []
}