{
    "en-US": {
        "Hello": "Hello",
        "yes": [
            [
                "yes",
                "yes"
            ]
        ],
        "you're welcome": "you're welcome",
        "affirmative": "affirmative",
        "okay": "okay",
        "no": "no",
        "Nobody": "Nobody",
        "No, I cannot": "No, I cannot",
        "I said no": "I said no",
        "Not now": "Not now",
        "not": "not",
        "welcome": "welcome",
        "One, 1": "One, 1",
        "two": "two",
        "Three,": "Three,",
        "Six": "Six",
        "Seven": "Seven",
        "Eight": "Eight",
        "Ten": "Ten",
        "Eleven": "Eleven",
        "Twelve, 12": "Twelve, 12",
        "Thirteen, 13": "Thirteen, 13",
        "Fourteen, 14": "Fourteen, 14",
        "Fifteen, 15": "Fifteen, 15",
        "Sixteen, 16": "Sixteen, 16",
        "Seventeen, 17": "Seventeen, 17",
        "Eighteen, 18": "Eighteen, 18",
        "numerals": "numerals",
        "Nineteen": "Nineteen",
        "Twenty": "Twenty",
        "Twenty one": "Twenty one",
        "Twenty two,": "Twenty two,",
        "Twenty three, 23": "Twenty three, 23",
        "Twenty four, 24": "Twenty four, 24",
        "Twenty five, 25": "Twenty five, 25",
        "Twenty six, 26": "Twenty six, 26",
        "Twenty seven": "Twenty seven",
        "Twenty eight, 28": "Twenty eight, 28",
        "Twenty nine, 29": "Twenty nine, 29",
        "Thirty": "Thirty",
        "Thirty five, 35": "Thirty five, 35",
        "Forty": "Forty",
        "Fifty, 50": "Fifty, 50",
        "One hundred": "One hundred",
        "Two hundred, 200": "Two hundred, 200",
        "One thousand, 1000": "One thousand, 1000",
        "Miami Language’ Online Resources": "Miami Language’ Online Resources",
        "Miami": "Miami",
        "  Myaamia ETHNOBOTANICAL DATABASE": "  Myaamia ETHNOBOTANICAL DATABASE",
        "Miami Tribe’s revitalization movement": "Miami Tribe’s revitalization movement",
        "Myaamia Heritage Museum & Archive": "Myaamia Heritage Museum & Archive",
        "corn": "corn",
        "beech tree": "beech tree",
        "false pennyroyal": "false pennyroyal",
        "hazelnut\n": "hazelnut\n",
        "Welcome": "Welcome",
        "American hophornbeam": "American hophornbeam",
        "Hornbeam": "Hornbeam",
        "sycamore ": "sycamore ",
        "asparagus": "asparagus",
        "Atlantic camas": "Atlantic camas",
        "basswood": "basswood",
        "beet": "beet",
        "big bluestem grass": "big bluestem grass",
        "black huckleberry": "black huckleberry",
        "black oak": "black oak",
        "black walnut tree": "black walnut tree",
        "blue ash": "blue ash",
        "blueberry": "blueberry",
        "boneset": "boneset",
        "box elder": "box elder",
        "bull thistle": "bull thistle",
        "bur oak": "bur oak",
        "butterfly milkweed": "butterfly milkweed",
        "butternut tree": "butternut tree",
        "cabbage": "cabbage",
        "calamus root": "calamus root",
        "paper birch ": "paper birch ",
        "cattail": "cattail"
    },
    "mia": {
        "Hello": "Aya",
        "yes": [
            [
                "iihia",
                "naaka"
            ]
        ],
        "you're welcome": "iihia",
        "affirmative": "iihia",
        "okay": "iihia",
        "no": "moohci",
        "Nobody": "moohci aweeya",
        "No, I cannot": "moohci, niiši neehi",
        "I said no": "moohci iilwiaani",
        "Not now": "moohci noonki",
        "not": "moohci",
        "welcome": "meentitohkaalilaanki",
        "One, 1": "nkoti",
        "two": "niišwi",
        "Three,": "nihswi",
        "Six": "kaakaathswi",
        "Seven": "swaahteethswi",
        "Eight": "palaani",
        "Ten": "mataathswi",
        "Eleven": "mataathswi nkotaasi",
        "Twelve, 12": "mataathswi niišwaasi",
        "Thirteen, 13": "mataathswi nihswaasi",
        "Fourteen, 14": "mataathswi niiwaasi",
        "Fifteen, 15": "mataathswi yaalanwaasi",
        "Sixteen, 16": "mataathswi kaakaathswaasi",
        "Seventeen, 17": "mataathswi swaahteethswaasi",
        "Eighteen, 18": "mataathswi palaanaasi",
        "numerals": "akincikoona",
        "Nineteen": "mataathswi nkotimeneehkaasi",
        "Twenty": "niišwi mateeni",
        "Twenty one": "niišwi mateeni nkotaasi",
        "Twenty two,": "niišwi mateeni niišwaasi",
        "Twenty three, 23": "niišwi mateeni nihswaasi",
        "Twenty four, 24": "niišwi mateeni niiwaasi",
        "Twenty five, 25": "niišwi mateeni yaalanwaasi",
        "Twenty six, 26": "niišwi mateeni kaakaathswaasi",
        "Twenty seven": "niišwi mateeni swaahteethswaasi",
        "Twenty eight, 28": "niišwi mateeni palaanaasi",
        "Twenty nine, 29": "niišwi mateeni nkotimeneehkaasi",
        "Thirty": "nihswi mateeni",
        "Thirty five, 35": "nihswi mateeni yaalanwaasi",
        "Forty": "niiwi mateeni",
        "Fifty, 50": "yaalanwi mateeni",
        "One hundred": "nkotwaahkwe",
        "Two hundred, 200": "niišwaahkwe",
        "One thousand, 1000": "mataathswaahkwe",
        "Miami Language’ Online Resources": "Myaamiaataweenki",
        "Miami": "Myaamia",
        "  Myaamia ETHNOBOTANICAL DATABASE": "Mahkihkiwa",
        "Miami Tribe’s revitalization movement": "Myaamiaki Eemamwiciki",
        "Myaamia Heritage Museum & Archive": "Kaakisitoonkia",
        "corn": "Miincipi",
        "beech tree": "šeešaakamiš",
        "false pennyroyal": "peecihsakahki",
        "hazelnut\n": "pahkiihteenhsaahkwi",
        "Welcome": "Aya",
        "American hophornbeam": "myaalwamiši",
        "Hornbeam": "myaalwamiši",
        "sycamore ": "kaakhšaahkatw",
        "asparagus": "asparagus",
        "Atlantic camas": "Atlantic camas",
        "basswood": "wiikapimiši",
        "beet": "neehpikiciiphkiki",
        "big bluestem grass": "big bluestem grass",
        "black huckleberry": "pinkomini",
        "black oak": "maamhkatiaahkatwi",
        "black walnut tree": "aayoonseekaahkwi",
        "blue ash": "sakikansia",
        "blueberry": "pinkomini",
        "boneset": "boneset",
        "box elder": "šiihšiikweekihsi",
        "bull thistle": "bull thistle",
        "bur oak": "mihšiinkweemiši",
        "butterfly milkweed": "alemontehsa",
        "butternut tree": "kiinošiši",
        "cabbage": "waapinkopakahki",
        "calamus root": "calamus root",
        "paper birch ": "wiikweehsimiši",
        "cattail": "apahkwaya"
    }
}
